--
-- PostgreSQL database dump
--

\restrict msdJtZ98YkqKVjE2dfTCMGj9HZ4NANOftoblXQHANMaYeviqD5Ti1PHgjrZ57lz

-- Dumped from database version 17.9 (Ubuntu 17.9-0ubuntu0.25.10.1)
-- Dumped by pg_dump version 17.9 (Ubuntu 17.9-0ubuntu0.25.10.1)

SET statement_timeout = 0;
SET lock_timeout = 0;
SET idle_in_transaction_session_timeout = 0;
SET transaction_timeout = 0;
SET client_encoding = 'UTF8';
SET standard_conforming_strings = on;
SELECT pg_catalog.set_config('search_path', '', false);
SET check_function_bodies = false;
SET xmloption = content;
SET client_min_messages = warning;
SET row_security = off;

--
-- Name: public; Type: SCHEMA; Schema: -; Owner: rabbitfarm
--

-- *not* creating schema, since initdb creates it


ALTER SCHEMA public OWNER TO rabbitfarm;

SET default_tablespace = '';

SET default_table_access_method = heap;

--
-- Name: auth_group; Type: TABLE; Schema: public; Owner: rabbitfarm
--

CREATE TABLE public.auth_group (
    id integer NOT NULL,
    name character varying(150) NOT NULL
);


ALTER TABLE public.auth_group OWNER TO rabbitfarm;

--
-- Name: auth_group_id_seq; Type: SEQUENCE; Schema: public; Owner: rabbitfarm
--

ALTER TABLE public.auth_group ALTER COLUMN id ADD GENERATED BY DEFAULT AS IDENTITY (
    SEQUENCE NAME public.auth_group_id_seq
    START WITH 1
    INCREMENT BY 1
    NO MINVALUE
    NO MAXVALUE
    CACHE 1
);


--
-- Name: auth_group_permissions; Type: TABLE; Schema: public; Owner: rabbitfarm
--

CREATE TABLE public.auth_group_permissions (
    id bigint NOT NULL,
    group_id integer NOT NULL,
    permission_id integer NOT NULL
);


ALTER TABLE public.auth_group_permissions OWNER TO rabbitfarm;

--
-- Name: auth_group_permissions_id_seq; Type: SEQUENCE; Schema: public; Owner: rabbitfarm
--

ALTER TABLE public.auth_group_permissions ALTER COLUMN id ADD GENERATED BY DEFAULT AS IDENTITY (
    SEQUENCE NAME public.auth_group_permissions_id_seq
    START WITH 1
    INCREMENT BY 1
    NO MINVALUE
    NO MAXVALUE
    CACHE 1
);


--
-- Name: auth_permission; Type: TABLE; Schema: public; Owner: rabbitfarm
--

CREATE TABLE public.auth_permission (
    id integer NOT NULL,
    name character varying(255) NOT NULL,
    content_type_id integer NOT NULL,
    codename character varying(100) NOT NULL
);


ALTER TABLE public.auth_permission OWNER TO rabbitfarm;

--
-- Name: auth_permission_id_seq; Type: SEQUENCE; Schema: public; Owner: rabbitfarm
--

ALTER TABLE public.auth_permission ALTER COLUMN id ADD GENERATED BY DEFAULT AS IDENTITY (
    SEQUENCE NAME public.auth_permission_id_seq
    START WITH 1
    INCREMENT BY 1
    NO MINVALUE
    NO MAXVALUE
    CACHE 1
);


--
-- Name: auth_user; Type: TABLE; Schema: public; Owner: rabbitfarm
--

CREATE TABLE public.auth_user (
    id integer NOT NULL,
    password character varying(128) NOT NULL,
    last_login timestamp with time zone,
    is_superuser boolean NOT NULL,
    username character varying(150) NOT NULL,
    first_name character varying(150) NOT NULL,
    last_name character varying(150) NOT NULL,
    email character varying(254) NOT NULL,
    is_staff boolean NOT NULL,
    is_active boolean NOT NULL,
    date_joined timestamp with time zone NOT NULL
);


ALTER TABLE public.auth_user OWNER TO rabbitfarm;

--
-- Name: auth_user_groups; Type: TABLE; Schema: public; Owner: rabbitfarm
--

CREATE TABLE public.auth_user_groups (
    id bigint NOT NULL,
    user_id integer NOT NULL,
    group_id integer NOT NULL
);


ALTER TABLE public.auth_user_groups OWNER TO rabbitfarm;

--
-- Name: auth_user_groups_id_seq; Type: SEQUENCE; Schema: public; Owner: rabbitfarm
--

ALTER TABLE public.auth_user_groups ALTER COLUMN id ADD GENERATED BY DEFAULT AS IDENTITY (
    SEQUENCE NAME public.auth_user_groups_id_seq
    START WITH 1
    INCREMENT BY 1
    NO MINVALUE
    NO MAXVALUE
    CACHE 1
);


--
-- Name: auth_user_id_seq; Type: SEQUENCE; Schema: public; Owner: rabbitfarm
--

ALTER TABLE public.auth_user ALTER COLUMN id ADD GENERATED BY DEFAULT AS IDENTITY (
    SEQUENCE NAME public.auth_user_id_seq
    START WITH 1
    INCREMENT BY 1
    NO MINVALUE
    NO MAXVALUE
    CACHE 1
);


--
-- Name: auth_user_user_permissions; Type: TABLE; Schema: public; Owner: rabbitfarm
--

CREATE TABLE public.auth_user_user_permissions (
    id bigint NOT NULL,
    user_id integer NOT NULL,
    permission_id integer NOT NULL
);


ALTER TABLE public.auth_user_user_permissions OWNER TO rabbitfarm;

--
-- Name: auth_user_user_permissions_id_seq; Type: SEQUENCE; Schema: public; Owner: rabbitfarm
--

ALTER TABLE public.auth_user_user_permissions ALTER COLUMN id ADD GENERATED BY DEFAULT AS IDENTITY (
    SEQUENCE NAME public.auth_user_user_permissions_id_seq
    START WITH 1
    INCREMENT BY 1
    NO MINVALUE
    NO MAXVALUE
    CACHE 1
);


--
-- Name: django_admin_log; Type: TABLE; Schema: public; Owner: rabbitfarm
--

CREATE TABLE public.django_admin_log (
    id integer NOT NULL,
    action_time timestamp with time zone NOT NULL,
    object_id text,
    object_repr character varying(200) NOT NULL,
    action_flag smallint NOT NULL,
    change_message text NOT NULL,
    content_type_id integer,
    user_id integer NOT NULL,
    CONSTRAINT django_admin_log_action_flag_check CHECK ((action_flag >= 0))
);


ALTER TABLE public.django_admin_log OWNER TO rabbitfarm;

--
-- Name: django_admin_log_id_seq; Type: SEQUENCE; Schema: public; Owner: rabbitfarm
--

ALTER TABLE public.django_admin_log ALTER COLUMN id ADD GENERATED BY DEFAULT AS IDENTITY (
    SEQUENCE NAME public.django_admin_log_id_seq
    START WITH 1
    INCREMENT BY 1
    NO MINVALUE
    NO MAXVALUE
    CACHE 1
);


--
-- Name: django_content_type; Type: TABLE; Schema: public; Owner: rabbitfarm
--

CREATE TABLE public.django_content_type (
    id integer NOT NULL,
    app_label character varying(100) NOT NULL,
    model character varying(100) NOT NULL
);


ALTER TABLE public.django_content_type OWNER TO rabbitfarm;

--
-- Name: django_content_type_id_seq; Type: SEQUENCE; Schema: public; Owner: rabbitfarm
--

ALTER TABLE public.django_content_type ALTER COLUMN id ADD GENERATED BY DEFAULT AS IDENTITY (
    SEQUENCE NAME public.django_content_type_id_seq
    START WITH 1
    INCREMENT BY 1
    NO MINVALUE
    NO MAXVALUE
    CACHE 1
);


--
-- Name: django_migrations; Type: TABLE; Schema: public; Owner: rabbitfarm
--

CREATE TABLE public.django_migrations (
    id bigint NOT NULL,
    app character varying(255) NOT NULL,
    name character varying(255) NOT NULL,
    applied timestamp with time zone NOT NULL
);


ALTER TABLE public.django_migrations OWNER TO rabbitfarm;

--
-- Name: django_migrations_id_seq; Type: SEQUENCE; Schema: public; Owner: rabbitfarm
--

ALTER TABLE public.django_migrations ALTER COLUMN id ADD GENERATED BY DEFAULT AS IDENTITY (
    SEQUENCE NAME public.django_migrations_id_seq
    START WITH 1
    INCREMENT BY 1
    NO MINVALUE
    NO MAXVALUE
    CACHE 1
);


--
-- Name: django_session; Type: TABLE; Schema: public; Owner: rabbitfarm
--

CREATE TABLE public.django_session (
    session_key character varying(40) NOT NULL,
    session_data text NOT NULL,
    expire_date timestamp with time zone NOT NULL
);


ALTER TABLE public.django_session OWNER TO rabbitfarm;

--
-- Name: events_event; Type: TABLE; Schema: public; Owner: rabbitfarm
--

CREATE TABLE public.events_event (
    id bigint NOT NULL,
    event_type character varying(20) NOT NULL,
    date date NOT NULL,
    note character varying(200) NOT NULL,
    created_at timestamp with time zone NOT NULL,
    rabbit_id bigint NOT NULL,
    next_action character varying(200),
    status character varying(50),
    next_action_date date
);


ALTER TABLE public.events_event OWNER TO rabbitfarm;

--
-- Name: events_event_id_seq; Type: SEQUENCE; Schema: public; Owner: rabbitfarm
--

ALTER TABLE public.events_event ALTER COLUMN id ADD GENERATED BY DEFAULT AS IDENTITY (
    SEQUENCE NAME public.events_event_id_seq
    START WITH 1
    INCREMENT BY 1
    NO MINVALUE
    NO MAXVALUE
    CACHE 1
);


--
-- Name: farms_farm; Type: TABLE; Schema: public; Owner: rabbitfarm
--

CREATE TABLE public.farms_farm (
    id bigint NOT NULL,
    name character varying(200) NOT NULL,
    created_at timestamp with time zone NOT NULL,
    owner_id integer NOT NULL,
    description text NOT NULL,
    location character varying(200) NOT NULL
);


ALTER TABLE public.farms_farm OWNER TO rabbitfarm;

--
-- Name: farms_farm_id_seq; Type: SEQUENCE; Schema: public; Owner: rabbitfarm
--

ALTER TABLE public.farms_farm ALTER COLUMN id ADD GENERATED BY DEFAULT AS IDENTITY (
    SEQUENCE NAME public.farms_farm_id_seq
    START WITH 1
    INCREMENT BY 1
    NO MINVALUE
    NO MAXVALUE
    CACHE 1
);


--
-- Name: rabbits_rabbit; Type: TABLE; Schema: public; Owner: rabbitfarm
--

CREATE TABLE public.rabbits_rabbit (
    id bigint NOT NULL,
    name character varying(100) NOT NULL,
    sex character varying(1) NOT NULL,
    birth_date date,
    created_at timestamp with time zone NOT NULL,
    breed character varying(100) NOT NULL,
    cage character varying(50) NOT NULL,
    father_id bigint,
    mother_id bigint,
    status character varying(10) NOT NULL,
    inventory_number character varying(20),
    farm_id bigint NOT NULL,
    weight numeric(4,2)
);


ALTER TABLE public.rabbits_rabbit OWNER TO rabbitfarm;

--
-- Name: rabbits_rabbit_id_seq; Type: SEQUENCE; Schema: public; Owner: rabbitfarm
--

ALTER TABLE public.rabbits_rabbit ALTER COLUMN id ADD GENERATED BY DEFAULT AS IDENTITY (
    SEQUENCE NAME public.rabbits_rabbit_id_seq
    START WITH 1
    INCREMENT BY 1
    NO MINVALUE
    NO MAXVALUE
    CACHE 1
);


--
-- Data for Name: auth_group; Type: TABLE DATA; Schema: public; Owner: rabbitfarm
--

COPY public.auth_group (id, name) FROM stdin;
\.


--
-- Data for Name: auth_group_permissions; Type: TABLE DATA; Schema: public; Owner: rabbitfarm
--

COPY public.auth_group_permissions (id, group_id, permission_id) FROM stdin;
\.


--
-- Data for Name: auth_permission; Type: TABLE DATA; Schema: public; Owner: rabbitfarm
--

COPY public.auth_permission (id, name, content_type_id, codename) FROM stdin;
1	Can add log entry	1	add_logentry
2	Can change log entry	1	change_logentry
3	Can delete log entry	1	delete_logentry
4	Can view log entry	1	view_logentry
5	Can add permission	3	add_permission
6	Can change permission	3	change_permission
7	Can delete permission	3	delete_permission
8	Can view permission	3	view_permission
9	Can add group	2	add_group
10	Can change group	2	change_group
11	Can delete group	2	delete_group
12	Can view group	2	view_group
13	Can add user	4	add_user
14	Can change user	4	change_user
15	Can delete user	4	delete_user
16	Can view user	4	view_user
17	Can add content type	5	add_contenttype
18	Can change content type	5	change_contenttype
19	Can delete content type	5	delete_contenttype
20	Can view content type	5	view_contenttype
21	Can add session	6	add_session
22	Can change session	6	change_session
23	Can delete session	6	delete_session
24	Can view session	6	view_session
25	Can add rabbit	8	add_rabbit
26	Can change rabbit	8	change_rabbit
27	Can delete rabbit	8	delete_rabbit
28	Can view rabbit	8	view_rabbit
29	Can add event	7	add_event
30	Can change event	7	change_event
31	Can delete event	7	delete_event
32	Can view event	7	view_event
33	Can add farm	9	add_farm
34	Can change farm	9	change_farm
35	Can delete farm	9	delete_farm
36	Can view farm	9	view_farm
37	Can add farm event	10	add_farmevent
38	Can change farm event	10	change_farmevent
39	Can delete farm event	10	delete_farmevent
40	Can view farm event	10	view_farmevent
41	Can add event	11	add_event
42	Can change event	11	change_event
43	Can delete event	11	delete_event
44	Can view event	11	view_event
\.


--
-- Data for Name: auth_user; Type: TABLE DATA; Schema: public; Owner: rabbitfarm
--

COPY public.auth_user (id, password, last_login, is_superuser, username, first_name, last_name, email, is_staff, is_active, date_joined) FROM stdin;
1	pbkdf2_sha256$1200000$APEa2zPxDXP2QEEwxcd44E$an8LCPU9q0nXROSanhjka+MJZvL7MlbalVyqO7D/Vi0=	2026-03-19 17:50:33.51073+02	t	kaur			uyriy2007@gmail.com	t	t	2026-03-19 11:36:13.139023+02
\.


--
-- Data for Name: auth_user_groups; Type: TABLE DATA; Schema: public; Owner: rabbitfarm
--

COPY public.auth_user_groups (id, user_id, group_id) FROM stdin;
\.


--
-- Data for Name: auth_user_user_permissions; Type: TABLE DATA; Schema: public; Owner: rabbitfarm
--

COPY public.auth_user_user_permissions (id, user_id, permission_id) FROM stdin;
\.


--
-- Data for Name: django_admin_log; Type: TABLE DATA; Schema: public; Owner: rabbitfarm
--

COPY public.django_admin_log (id, action_time, object_id, object_repr, action_flag, change_message, content_type_id, user_id) FROM stdin;
1	2026-03-19 11:58:01.676713+02	1	Ьаруся	1	[{"added": {}}]	8	1
2	2026-03-19 11:59:35.314623+02	2	Боря	1	[{"added": {}}]	8	1
3	2026-03-19 12:00:32.301466+02	3	Соня	1	[{"added": {}}]	8	1
4	2026-03-19 12:01:35.970909+02	1	Ьаруся - kindling (2026-03-31)	1	[{"added": {}}]	11	1
5	2026-03-19 12:01:54.511354+02	1	Маруся	2	[{"changed": {"fields": ["Name"]}}]	8	1
6	2026-03-19 12:01:57.782926+02	1	Маруся - kindling (2026-03-31)	2	[]	11	1
7	2026-03-19 16:37:22.98814+02	1	Маруся - kindling (2026-03-27)	2	[{"changed": {"fields": ["Date"]}}]	11	1
8	2026-03-19 16:38:26.062079+02	1	Маруся - kindling (2026-03-25)	2	[{"changed": {"fields": ["Date"]}}]	11	1
9	2026-03-19 17:52:22.675228+02	1	Маруся - mating (2026-03-19)	2	[{"changed": {"fields": ["Event type", "Date"]}}]	11	1
10	2026-03-19 17:54:28.097997+02	4	CY280326-01	1	[{"added": {}}]	8	1
11	2026-03-19 17:56:37.679026+02	5	СY280226-02	1	[{"added": {}}]	8	1
12	2026-03-19 17:57:03.734526+02	4	CY280326-01	2	[{"changed": {"fields": ["Birth date"]}}]	8	1
13	2026-03-19 18:17:55.550589+02	1	Маруся - mating (2026-03-12)	2	[{"changed": {"fields": ["Date"]}}]	11	1
14	2026-03-19 18:24:42.627737+02	1	Маруся - mating (2026-03-13)	2	[{"changed": {"fields": ["Date", "Next action date"]}}]	11	1
15	2026-03-19 22:27:21.303654+02	6	MX010326-01	1	[{"added": {}}]	8	1
16	2026-03-22 08:55:46.135465+02	8	CX280326-03	2	[{"changed": {"fields": ["\\u0406\\u043d\\u0432\\u0435\\u043d\\u0442\\u0430\\u0440\\u043d\\u0438\\u0439 \\u043d\\u043e\\u043c\\u0435\\u0440"]}}]	8	1
\.


--
-- Data for Name: django_content_type; Type: TABLE DATA; Schema: public; Owner: rabbitfarm
--

COPY public.django_content_type (id, app_label, model) FROM stdin;
1	admin	logentry
2	auth	group
3	auth	permission
4	auth	user
5	contenttypes	contenttype
6	sessions	session
7	rabbits	event
8	rabbits	rabbit
9	farms	farm
10	events	farmevent
11	events	event
\.


--
-- Data for Name: django_migrations; Type: TABLE DATA; Schema: public; Owner: rabbitfarm
--

COPY public.django_migrations (id, app, name, applied) FROM stdin;
1	contenttypes	0001_initial	2026-03-19 11:27:04.750834+02
2	auth	0001_initial	2026-03-19 11:27:04.791419+02
3	admin	0001_initial	2026-03-19 11:27:04.818146+02
4	admin	0002_logentry_remove_auto_add	2026-03-19 11:27:04.832034+02
5	admin	0003_logentry_add_action_flag_choices	2026-03-19 11:27:04.846311+02
6	contenttypes	0002_remove_content_type_name	2026-03-19 11:27:04.867605+02
7	auth	0002_alter_permission_name_max_length	2026-03-19 11:27:04.881937+02
8	auth	0003_alter_user_email_max_length	2026-03-19 11:27:04.896086+02
9	auth	0004_alter_user_username_opts	2026-03-19 11:27:04.909419+02
10	auth	0005_alter_user_last_login_null	2026-03-19 11:27:04.923707+02
11	auth	0006_require_contenttypes_0002	2026-03-19 11:27:04.934137+02
12	auth	0007_alter_validators_add_error_messages	2026-03-19 11:27:04.948824+02
13	auth	0008_alter_user_username_max_length	2026-03-19 11:27:04.965317+02
14	auth	0009_alter_user_last_name_max_length	2026-03-19 11:27:04.979622+02
15	auth	0010_alter_group_name_max_length	2026-03-19 11:27:04.994452+02
16	auth	0011_update_proxy_permissions	2026-03-19 11:27:05.007563+02
17	auth	0012_alter_user_first_name_max_length	2026-03-19 11:27:05.022471+02
18	farms	0001_initial	2026-03-19 11:27:05.048151+02
19	events	0001_initial	2026-03-19 11:27:05.076309+02
20	farms	0002_farm_description_farm_location	2026-03-19 11:27:05.096232+02
21	rabbits	0001_initial	2026-03-19 11:27:05.123183+02
22	rabbits	0002_alter_rabbit_sex_event	2026-03-19 11:27:05.154675+02
23	rabbits	0003_event_kits_count_event_responsible_event_weight_and_more	2026-03-19 11:27:05.220361+02
24	rabbits	0004_rabbit_inventory_number	2026-03-19 11:27:05.249164+02
25	rabbits	0005_rabbit_farm	2026-03-19 11:27:05.276445+02
26	rabbits	0006_remove_rabbit_owner_alter_rabbit_farm	2026-03-19 11:27:05.305537+02
27	sessions	0001_initial	2026-03-19 11:27:05.327956+02
28	rabbits	0007_delete_event	2026-03-19 11:45:47.08098+02
29	events	0002_event_remove_farmevent_farm_events_unique_active_and_more	2026-03-19 11:45:47.115967+02
30	events	0003_event_next_action_event_status	2026-03-19 11:45:47.131058+02
31	farms	0003_alter_farm_description_alter_farm_location_and_more	2026-03-19 11:45:47.155508+02
32	rabbits	0008_rabbit_weight	2026-03-19 11:45:47.169718+02
33	events	0004_event_next_action_date	2026-03-19 17:22:14.94406+02
\.


--
-- Data for Name: django_session; Type: TABLE DATA; Schema: public; Owner: rabbitfarm
--

COPY public.django_session (session_key, session_data, expire_date) FROM stdin;
vnwuhzt9rkw081gn25njh3muuqesvm1w	.eJxVjDsOwjAQRO_iGll2vOsPJX3OYK1_OIAcKU4qxN1JpBQw5bw382aetrX6refFT4ldmWSX3y5QfOZ2gPSgdp95nNu6TIEfCj9p5-Oc8ut2un8HlXrd14gIUSsLIG1R4KwjM5BGqxKCEUGHkkrGEOVAELJRwkWxR6EUyVrNPl-1Ojay:1w39pH:yKXh81-oU5d0REoJngMWsho5kNdgv0V6yeLN-8M6yiM	2026-04-02 12:37:59.533305+03
6jizp1g66p9jcr51xxrapg42nb33ckfi	.eJxVjDsOwjAQRO_iGll2vOsPJX3OYK1_OIAcKU4qxN1JpBQw5bw382aetrX6refFT4ldmWSX3y5QfOZ2gPSgdp95nNu6TIEfCj9p5-Oc8ut2un8HlXrd14gIUSsLIG1R4KwjM5BGqxKCEUGHkkrGEOVAELJRwkWxR6EUyVrNPl-1Ojay:1w3Fdp:F_KvBQkqddvUjyM1TgQ9dPnvfS-AGCq9l-4kDdFpPic	2026-04-02 18:50:33.530472+03
\.


--
-- Data for Name: events_event; Type: TABLE DATA; Schema: public; Owner: rabbitfarm
--

COPY public.events_event (id, event_type, date, note, created_at, rabbit_id, next_action, status, next_action_date) FROM stdin;
1	mating	2026-03-13		2026-03-19 12:01:35.697595+02	1	Окрол	важлива	2026-04-10
\.


--
-- Data for Name: farms_farm; Type: TABLE DATA; Schema: public; Owner: rabbitfarm
--

COPY public.farms_farm (id, name, created_at, owner_id, description, location) FROM stdin;
1	ФОП Казмірчук	2026-03-19 11:38:57.705897+02	1	test vilage	test vilage
\.


--
-- Data for Name: rabbits_rabbit; Type: TABLE DATA; Schema: public; Owner: rabbitfarm
--

COPY public.rabbits_rabbit (id, name, sex, birth_date, created_at, breed, cage, father_id, mother_id, status, inventory_number, farm_id, weight) FROM stdin;
2	Боря	M	2026-02-12	2026-03-19 11:59:35.313813+02	віденський голубий	4,5	\N	\N	ACTIVE	0002	1	\N
3	Соня	F	2026-03-04	2026-03-19 12:00:32.300889+02	БСС		\N	\N	ACTIVE	0003	1	\N
1	Маруся	F	2026-02-12	2026-03-19 11:58:01.675761+02	віденський голубий		\N	\N	ACTIVE	0001	1	\N
5	СY280226-02	M	2026-02-28	2026-03-19 17:56:37.67842+02	БСС	0004	\N	\N	ACTIVE	0005	1	\N
4	CY280326-01	M	2026-02-28	2026-03-19 17:54:28.086823+02	БСС		\N	\N	ACTIVE	0004	1	\N
6	MX010326-01	F	2026-03-01	2026-03-19 22:27:21.275138+02	Полтавське срібло	0002	\N	\N	ACTIVE	0006	1	3.60
7	CY280326-02	M	2026-02-28	2026-03-22 08:29:55.171602+02	БСС	0004	2	3	ACTIVE	0007	1	2.80
8	CX280326-03	F	2026-02-28	2026-03-22 08:43:55.607738+02	БСС	0004	2	3	ACTIVE	0008	1	31.00
9	CY280326-04	M	2026-02-28	2026-03-22 08:56:48.52119+02	БСС	0004	2	3	ACTIVE	0009	1	4.00
10	CY280326-05	M	2026-02-28	2026-03-22 16:36:05.333679+02	БСС	0004	2	3	ACTIVE	0010	1	4.00
11	Жана	F	2026-02-12	2026-03-22 16:38:32.388843+02	Австралійський Білий	005	\N	\N	ACTIVE	0011	1	3.50
\.


--
-- Name: auth_group_id_seq; Type: SEQUENCE SET; Schema: public; Owner: rabbitfarm
--

SELECT pg_catalog.setval('public.auth_group_id_seq', 1, false);


--
-- Name: auth_group_permissions_id_seq; Type: SEQUENCE SET; Schema: public; Owner: rabbitfarm
--

SELECT pg_catalog.setval('public.auth_group_permissions_id_seq', 1, false);


--
-- Name: auth_permission_id_seq; Type: SEQUENCE SET; Schema: public; Owner: rabbitfarm
--

SELECT pg_catalog.setval('public.auth_permission_id_seq', 44, true);


--
-- Name: auth_user_groups_id_seq; Type: SEQUENCE SET; Schema: public; Owner: rabbitfarm
--

SELECT pg_catalog.setval('public.auth_user_groups_id_seq', 1, false);


--
-- Name: auth_user_id_seq; Type: SEQUENCE SET; Schema: public; Owner: rabbitfarm
--

SELECT pg_catalog.setval('public.auth_user_id_seq', 1, true);


--
-- Name: auth_user_user_permissions_id_seq; Type: SEQUENCE SET; Schema: public; Owner: rabbitfarm
--

SELECT pg_catalog.setval('public.auth_user_user_permissions_id_seq', 1, false);


--
-- Name: django_admin_log_id_seq; Type: SEQUENCE SET; Schema: public; Owner: rabbitfarm
--

SELECT pg_catalog.setval('public.django_admin_log_id_seq', 16, true);


--
-- Name: django_content_type_id_seq; Type: SEQUENCE SET; Schema: public; Owner: rabbitfarm
--

SELECT pg_catalog.setval('public.django_content_type_id_seq', 11, true);


--
-- Name: django_migrations_id_seq; Type: SEQUENCE SET; Schema: public; Owner: rabbitfarm
--

SELECT pg_catalog.setval('public.django_migrations_id_seq', 33, true);


--
-- Name: events_event_id_seq; Type: SEQUENCE SET; Schema: public; Owner: rabbitfarm
--

SELECT pg_catalog.setval('public.events_event_id_seq', 1, true);


--
-- Name: farms_farm_id_seq; Type: SEQUENCE SET; Schema: public; Owner: rabbitfarm
--

SELECT pg_catalog.setval('public.farms_farm_id_seq', 1, true);


--
-- Name: rabbits_rabbit_id_seq; Type: SEQUENCE SET; Schema: public; Owner: rabbitfarm
--

SELECT pg_catalog.setval('public.rabbits_rabbit_id_seq', 11, true);


--
-- Name: auth_group auth_group_name_key; Type: CONSTRAINT; Schema: public; Owner: rabbitfarm
--

ALTER TABLE ONLY public.auth_group
    ADD CONSTRAINT auth_group_name_key UNIQUE (name);


--
-- Name: auth_group_permissions auth_group_permissions_group_id_permission_id_0cd325b0_uniq; Type: CONSTRAINT; Schema: public; Owner: rabbitfarm
--

ALTER TABLE ONLY public.auth_group_permissions
    ADD CONSTRAINT auth_group_permissions_group_id_permission_id_0cd325b0_uniq UNIQUE (group_id, permission_id);


--
-- Name: auth_group_permissions auth_group_permissions_pkey; Type: CONSTRAINT; Schema: public; Owner: rabbitfarm
--

ALTER TABLE ONLY public.auth_group_permissions
    ADD CONSTRAINT auth_group_permissions_pkey PRIMARY KEY (id);


--
-- Name: auth_group auth_group_pkey; Type: CONSTRAINT; Schema: public; Owner: rabbitfarm
--

ALTER TABLE ONLY public.auth_group
    ADD CONSTRAINT auth_group_pkey PRIMARY KEY (id);


--
-- Name: auth_permission auth_permission_content_type_id_codename_01ab375a_uniq; Type: CONSTRAINT; Schema: public; Owner: rabbitfarm
--

ALTER TABLE ONLY public.auth_permission
    ADD CONSTRAINT auth_permission_content_type_id_codename_01ab375a_uniq UNIQUE (content_type_id, codename);


--
-- Name: auth_permission auth_permission_pkey; Type: CONSTRAINT; Schema: public; Owner: rabbitfarm
--

ALTER TABLE ONLY public.auth_permission
    ADD CONSTRAINT auth_permission_pkey PRIMARY KEY (id);


--
-- Name: auth_user_groups auth_user_groups_pkey; Type: CONSTRAINT; Schema: public; Owner: rabbitfarm
--

ALTER TABLE ONLY public.auth_user_groups
    ADD CONSTRAINT auth_user_groups_pkey PRIMARY KEY (id);


--
-- Name: auth_user_groups auth_user_groups_user_id_group_id_94350c0c_uniq; Type: CONSTRAINT; Schema: public; Owner: rabbitfarm
--

ALTER TABLE ONLY public.auth_user_groups
    ADD CONSTRAINT auth_user_groups_user_id_group_id_94350c0c_uniq UNIQUE (user_id, group_id);


--
-- Name: auth_user auth_user_pkey; Type: CONSTRAINT; Schema: public; Owner: rabbitfarm
--

ALTER TABLE ONLY public.auth_user
    ADD CONSTRAINT auth_user_pkey PRIMARY KEY (id);


--
-- Name: auth_user_user_permissions auth_user_user_permissions_pkey; Type: CONSTRAINT; Schema: public; Owner: rabbitfarm
--

ALTER TABLE ONLY public.auth_user_user_permissions
    ADD CONSTRAINT auth_user_user_permissions_pkey PRIMARY KEY (id);


--
-- Name: auth_user_user_permissions auth_user_user_permissions_user_id_permission_id_14a6b632_uniq; Type: CONSTRAINT; Schema: public; Owner: rabbitfarm
--

ALTER TABLE ONLY public.auth_user_user_permissions
    ADD CONSTRAINT auth_user_user_permissions_user_id_permission_id_14a6b632_uniq UNIQUE (user_id, permission_id);


--
-- Name: auth_user auth_user_username_key; Type: CONSTRAINT; Schema: public; Owner: rabbitfarm
--

ALTER TABLE ONLY public.auth_user
    ADD CONSTRAINT auth_user_username_key UNIQUE (username);


--
-- Name: django_admin_log django_admin_log_pkey; Type: CONSTRAINT; Schema: public; Owner: rabbitfarm
--

ALTER TABLE ONLY public.django_admin_log
    ADD CONSTRAINT django_admin_log_pkey PRIMARY KEY (id);


--
-- Name: django_content_type django_content_type_app_label_model_76bd3d3b_uniq; Type: CONSTRAINT; Schema: public; Owner: rabbitfarm
--

ALTER TABLE ONLY public.django_content_type
    ADD CONSTRAINT django_content_type_app_label_model_76bd3d3b_uniq UNIQUE (app_label, model);


--
-- Name: django_content_type django_content_type_pkey; Type: CONSTRAINT; Schema: public; Owner: rabbitfarm
--

ALTER TABLE ONLY public.django_content_type
    ADD CONSTRAINT django_content_type_pkey PRIMARY KEY (id);


--
-- Name: django_migrations django_migrations_pkey; Type: CONSTRAINT; Schema: public; Owner: rabbitfarm
--

ALTER TABLE ONLY public.django_migrations
    ADD CONSTRAINT django_migrations_pkey PRIMARY KEY (id);


--
-- Name: django_session django_session_pkey; Type: CONSTRAINT; Schema: public; Owner: rabbitfarm
--

ALTER TABLE ONLY public.django_session
    ADD CONSTRAINT django_session_pkey PRIMARY KEY (session_key);


--
-- Name: events_event events_event_pkey; Type: CONSTRAINT; Schema: public; Owner: rabbitfarm
--

ALTER TABLE ONLY public.events_event
    ADD CONSTRAINT events_event_pkey PRIMARY KEY (id);


--
-- Name: farms_farm farms_farm_pkey; Type: CONSTRAINT; Schema: public; Owner: rabbitfarm
--

ALTER TABLE ONLY public.farms_farm
    ADD CONSTRAINT farms_farm_pkey PRIMARY KEY (id);


--
-- Name: rabbits_rabbit rabbits_rabbit_inventory_number_key; Type: CONSTRAINT; Schema: public; Owner: rabbitfarm
--

ALTER TABLE ONLY public.rabbits_rabbit
    ADD CONSTRAINT rabbits_rabbit_inventory_number_key UNIQUE (inventory_number);


--
-- Name: rabbits_rabbit rabbits_rabbit_pkey; Type: CONSTRAINT; Schema: public; Owner: rabbitfarm
--

ALTER TABLE ONLY public.rabbits_rabbit
    ADD CONSTRAINT rabbits_rabbit_pkey PRIMARY KEY (id);


--
-- Name: auth_group_name_a6ea08ec_like; Type: INDEX; Schema: public; Owner: rabbitfarm
--

CREATE INDEX auth_group_name_a6ea08ec_like ON public.auth_group USING btree (name varchar_pattern_ops);


--
-- Name: auth_group_permissions_group_id_b120cbf9; Type: INDEX; Schema: public; Owner: rabbitfarm
--

CREATE INDEX auth_group_permissions_group_id_b120cbf9 ON public.auth_group_permissions USING btree (group_id);


--
-- Name: auth_group_permissions_permission_id_84c5c92e; Type: INDEX; Schema: public; Owner: rabbitfarm
--

CREATE INDEX auth_group_permissions_permission_id_84c5c92e ON public.auth_group_permissions USING btree (permission_id);


--
-- Name: auth_permission_content_type_id_2f476e4b; Type: INDEX; Schema: public; Owner: rabbitfarm
--

CREATE INDEX auth_permission_content_type_id_2f476e4b ON public.auth_permission USING btree (content_type_id);


--
-- Name: auth_user_groups_group_id_97559544; Type: INDEX; Schema: public; Owner: rabbitfarm
--

CREATE INDEX auth_user_groups_group_id_97559544 ON public.auth_user_groups USING btree (group_id);


--
-- Name: auth_user_groups_user_id_6a12ed8b; Type: INDEX; Schema: public; Owner: rabbitfarm
--

CREATE INDEX auth_user_groups_user_id_6a12ed8b ON public.auth_user_groups USING btree (user_id);


--
-- Name: auth_user_user_permissions_permission_id_1fbb5f2c; Type: INDEX; Schema: public; Owner: rabbitfarm
--

CREATE INDEX auth_user_user_permissions_permission_id_1fbb5f2c ON public.auth_user_user_permissions USING btree (permission_id);


--
-- Name: auth_user_user_permissions_user_id_a95ead1b; Type: INDEX; Schema: public; Owner: rabbitfarm
--

CREATE INDEX auth_user_user_permissions_user_id_a95ead1b ON public.auth_user_user_permissions USING btree (user_id);


--
-- Name: auth_user_username_6821ab7c_like; Type: INDEX; Schema: public; Owner: rabbitfarm
--

CREATE INDEX auth_user_username_6821ab7c_like ON public.auth_user USING btree (username varchar_pattern_ops);


--
-- Name: django_admin_log_content_type_id_c4bce8eb; Type: INDEX; Schema: public; Owner: rabbitfarm
--

CREATE INDEX django_admin_log_content_type_id_c4bce8eb ON public.django_admin_log USING btree (content_type_id);


--
-- Name: django_admin_log_user_id_c564eba6; Type: INDEX; Schema: public; Owner: rabbitfarm
--

CREATE INDEX django_admin_log_user_id_c564eba6 ON public.django_admin_log USING btree (user_id);


--
-- Name: django_session_expire_date_a5c62663; Type: INDEX; Schema: public; Owner: rabbitfarm
--

CREATE INDEX django_session_expire_date_a5c62663 ON public.django_session USING btree (expire_date);


--
-- Name: django_session_session_key_c0390e0f_like; Type: INDEX; Schema: public; Owner: rabbitfarm
--

CREATE INDEX django_session_session_key_c0390e0f_like ON public.django_session USING btree (session_key varchar_pattern_ops);


--
-- Name: events_event_rabbit_id_ab0fcd92; Type: INDEX; Schema: public; Owner: rabbitfarm
--

CREATE INDEX events_event_rabbit_id_ab0fcd92 ON public.events_event USING btree (rabbit_id);


--
-- Name: farms_farm_owner_id_7744f3e7; Type: INDEX; Schema: public; Owner: rabbitfarm
--

CREATE INDEX farms_farm_owner_id_7744f3e7 ON public.farms_farm USING btree (owner_id);


--
-- Name: rabbits_rabbit_farm_id_d2d52348; Type: INDEX; Schema: public; Owner: rabbitfarm
--

CREATE INDEX rabbits_rabbit_farm_id_d2d52348 ON public.rabbits_rabbit USING btree (farm_id);


--
-- Name: rabbits_rabbit_father_id_b3904fc4; Type: INDEX; Schema: public; Owner: rabbitfarm
--

CREATE INDEX rabbits_rabbit_father_id_b3904fc4 ON public.rabbits_rabbit USING btree (father_id);


--
-- Name: rabbits_rabbit_inventory_number_acee98a6_like; Type: INDEX; Schema: public; Owner: rabbitfarm
--

CREATE INDEX rabbits_rabbit_inventory_number_acee98a6_like ON public.rabbits_rabbit USING btree (inventory_number varchar_pattern_ops);


--
-- Name: rabbits_rabbit_mother_id_85831ede; Type: INDEX; Schema: public; Owner: rabbitfarm
--

CREATE INDEX rabbits_rabbit_mother_id_85831ede ON public.rabbits_rabbit USING btree (mother_id);


--
-- Name: auth_group_permissions auth_group_permissio_permission_id_84c5c92e_fk_auth_perm; Type: FK CONSTRAINT; Schema: public; Owner: rabbitfarm
--

ALTER TABLE ONLY public.auth_group_permissions
    ADD CONSTRAINT auth_group_permissio_permission_id_84c5c92e_fk_auth_perm FOREIGN KEY (permission_id) REFERENCES public.auth_permission(id) DEFERRABLE INITIALLY DEFERRED;


--
-- Name: auth_group_permissions auth_group_permissions_group_id_b120cbf9_fk_auth_group_id; Type: FK CONSTRAINT; Schema: public; Owner: rabbitfarm
--

ALTER TABLE ONLY public.auth_group_permissions
    ADD CONSTRAINT auth_group_permissions_group_id_b120cbf9_fk_auth_group_id FOREIGN KEY (group_id) REFERENCES public.auth_group(id) DEFERRABLE INITIALLY DEFERRED;


--
-- Name: auth_permission auth_permission_content_type_id_2f476e4b_fk_django_co; Type: FK CONSTRAINT; Schema: public; Owner: rabbitfarm
--

ALTER TABLE ONLY public.auth_permission
    ADD CONSTRAINT auth_permission_content_type_id_2f476e4b_fk_django_co FOREIGN KEY (content_type_id) REFERENCES public.django_content_type(id) DEFERRABLE INITIALLY DEFERRED;


--
-- Name: auth_user_groups auth_user_groups_group_id_97559544_fk_auth_group_id; Type: FK CONSTRAINT; Schema: public; Owner: rabbitfarm
--

ALTER TABLE ONLY public.auth_user_groups
    ADD CONSTRAINT auth_user_groups_group_id_97559544_fk_auth_group_id FOREIGN KEY (group_id) REFERENCES public.auth_group(id) DEFERRABLE INITIALLY DEFERRED;


--
-- Name: auth_user_groups auth_user_groups_user_id_6a12ed8b_fk_auth_user_id; Type: FK CONSTRAINT; Schema: public; Owner: rabbitfarm
--

ALTER TABLE ONLY public.auth_user_groups
    ADD CONSTRAINT auth_user_groups_user_id_6a12ed8b_fk_auth_user_id FOREIGN KEY (user_id) REFERENCES public.auth_user(id) DEFERRABLE INITIALLY DEFERRED;


--
-- Name: auth_user_user_permissions auth_user_user_permi_permission_id_1fbb5f2c_fk_auth_perm; Type: FK CONSTRAINT; Schema: public; Owner: rabbitfarm
--

ALTER TABLE ONLY public.auth_user_user_permissions
    ADD CONSTRAINT auth_user_user_permi_permission_id_1fbb5f2c_fk_auth_perm FOREIGN KEY (permission_id) REFERENCES public.auth_permission(id) DEFERRABLE INITIALLY DEFERRED;


--
-- Name: auth_user_user_permissions auth_user_user_permissions_user_id_a95ead1b_fk_auth_user_id; Type: FK CONSTRAINT; Schema: public; Owner: rabbitfarm
--

ALTER TABLE ONLY public.auth_user_user_permissions
    ADD CONSTRAINT auth_user_user_permissions_user_id_a95ead1b_fk_auth_user_id FOREIGN KEY (user_id) REFERENCES public.auth_user(id) DEFERRABLE INITIALLY DEFERRED;


--
-- Name: django_admin_log django_admin_log_content_type_id_c4bce8eb_fk_django_co; Type: FK CONSTRAINT; Schema: public; Owner: rabbitfarm
--

ALTER TABLE ONLY public.django_admin_log
    ADD CONSTRAINT django_admin_log_content_type_id_c4bce8eb_fk_django_co FOREIGN KEY (content_type_id) REFERENCES public.django_content_type(id) DEFERRABLE INITIALLY DEFERRED;


--
-- Name: django_admin_log django_admin_log_user_id_c564eba6_fk_auth_user_id; Type: FK CONSTRAINT; Schema: public; Owner: rabbitfarm
--

ALTER TABLE ONLY public.django_admin_log
    ADD CONSTRAINT django_admin_log_user_id_c564eba6_fk_auth_user_id FOREIGN KEY (user_id) REFERENCES public.auth_user(id) DEFERRABLE INITIALLY DEFERRED;


--
-- Name: events_event events_event_rabbit_id_ab0fcd92_fk_rabbits_rabbit_id; Type: FK CONSTRAINT; Schema: public; Owner: rabbitfarm
--

ALTER TABLE ONLY public.events_event
    ADD CONSTRAINT events_event_rabbit_id_ab0fcd92_fk_rabbits_rabbit_id FOREIGN KEY (rabbit_id) REFERENCES public.rabbits_rabbit(id) DEFERRABLE INITIALLY DEFERRED;


--
-- Name: farms_farm farms_farm_owner_id_7744f3e7_fk_auth_user_id; Type: FK CONSTRAINT; Schema: public; Owner: rabbitfarm
--

ALTER TABLE ONLY public.farms_farm
    ADD CONSTRAINT farms_farm_owner_id_7744f3e7_fk_auth_user_id FOREIGN KEY (owner_id) REFERENCES public.auth_user(id) DEFERRABLE INITIALLY DEFERRED;


--
-- Name: rabbits_rabbit rabbits_rabbit_farm_id_d2d52348_fk_farms_farm_id; Type: FK CONSTRAINT; Schema: public; Owner: rabbitfarm
--

ALTER TABLE ONLY public.rabbits_rabbit
    ADD CONSTRAINT rabbits_rabbit_farm_id_d2d52348_fk_farms_farm_id FOREIGN KEY (farm_id) REFERENCES public.farms_farm(id) DEFERRABLE INITIALLY DEFERRED;


--
-- Name: rabbits_rabbit rabbits_rabbit_father_id_b3904fc4_fk_rabbits_rabbit_id; Type: FK CONSTRAINT; Schema: public; Owner: rabbitfarm
--

ALTER TABLE ONLY public.rabbits_rabbit
    ADD CONSTRAINT rabbits_rabbit_father_id_b3904fc4_fk_rabbits_rabbit_id FOREIGN KEY (father_id) REFERENCES public.rabbits_rabbit(id) DEFERRABLE INITIALLY DEFERRED;


--
-- Name: rabbits_rabbit rabbits_rabbit_mother_id_85831ede_fk_rabbits_rabbit_id; Type: FK CONSTRAINT; Schema: public; Owner: rabbitfarm
--

ALTER TABLE ONLY public.rabbits_rabbit
    ADD CONSTRAINT rabbits_rabbit_mother_id_85831ede_fk_rabbits_rabbit_id FOREIGN KEY (mother_id) REFERENCES public.rabbits_rabbit(id) DEFERRABLE INITIALLY DEFERRED;


--
-- PostgreSQL database dump complete
--

\unrestrict msdJtZ98YkqKVjE2dfTCMGj9HZ4NANOftoblXQHANMaYeviqD5Ti1PHgjrZ57lz

